{"cameraMode":{"drawMode":0,"name":"Shaded","section":"Shading Mode"},"sceneLighting":false,"audioPlay":false,"sceneViewState":{"m_AlwaysRefresh":false,"showFog":true,"showSkybox":false,"showFlares":true,"showImageEffects":true,"showParticleSystems":true,"showVisualEffectGraphs":true,"m_FxEnabled":true},"in2DMode":false,"pivot":{"x":-0.15000015497207642,"y":1.2545437812805176,"z":2.855030059814453},"rotation":{"x":0.42007550597190859,"y":0.5798914432525635,"z":-0.4979337751865387,"w":0.4892292320728302},"size":1.1134026050567628,"orthographic":false}